Designator,Footprint,Quantity,Value,LCSC Part #
C1,CP_Radial_D5.0mm_P2.50mm,1,C_Polarized,
"C10, C11, C12, C13, C14, C15, C16, C17, C18, C19, C2, C20, C21, C22, C23, C3, C4, C5, C6, C7, C8, C9",C_Disc_D7.5mm_W2.5mm_P5.00mm,22,C,
"D1, D10, D11, D12, D13, D14, D15, D16, D17, D18, D19, D2, D20, D21, D22, D23, D24, D25, D26, D27, D28, D29, D3, D30, D31, D32, D33, D34, D35, D4, D5, D6, D7, D8, D9",LED_D3.0mm,35,LED,
"H1, H2, H3, H4",MountingHole_3mm_Pad,4,MountingHole_Pad,
J1,PinHeader_2x20_P2.54mm_Horizontal,1,Conn_02x20_Odd_Even,
J2,PinHeader_2x20_P2.54mm_Vertical,1,Conn_02x20_Odd_Even,
J3,PinHeader_2x10_P2.54mm_Horizontal,1,Conn_02x10_Odd_Even,
J4,PinHeader_2x10_P2.54mm_Horizontal,1,Conn_02x10_Counter_Clockwise,
J5,TerminalBlock_bornier-2_P5.08mm,1,Screw_Terminal_01x02,
"R1, R10, R11, R12, R13, R14, R15, R16, R17, R18, R19, R2, R20, R21, R22, R23, R24, R25, R26, R27, R28, R29, R3, R30, R31, R32, R33, R34, R4, R5, R6, R7, R8, R9",0603,34,22,
"R35, R36, R37",0603,3,R,
"RN1, RN2, RN3, RN4",R_Array_SIP9,4,R_Network08_Split,
"U1, U10, U11, U12, U13, U14, U15, U16, U17, U18, U19, U2, U20, U21, U22, U23, U24, U25, U26, U27, U28, U29, U3, U30, U31, U32, U33, U34, U35, U36, U37, U38, U39, U4, U40, U41, U42, U43, U44, U45, U5, U6, U7, U8, U9",DIP-14_W7.62mm,45,CD74HC00,
