Designator,Footprint,Quantity,Value,LCSC Part #
"C1, C10, C11, C12, C13, C14, C15, C16, C17, C18, C19, C2, C20, C21, C22, C23, C24, C25, C26, C27, C28, C3, C4, C5, C6, C7, C8, C9",C_Disc_D5.0mm_W2.5mm_P5.00mm,28,0.1u,
C29,CP_Radial_D5.0mm_P2.50mm,1,100u,
"D1, D10, D11, D12, D13, D14, D15, D16, D17, D18, D19, D2, D20, D21, D22, D23, D24, D25, D26, D27, D28, D29, D3, D30, D31, D32, D33, D34, D35, D36, D37, D38, D39, D4, D40, D41, D42, D43, D44, D45, D46, D47, D48, D49, D5, D50, D51, D52, D53, D54, D55, D56, D57, D6, D7, D8, D9",LED_D3.0mm,57,LED,
"H1, H2, H3, H4",MountingHole_3mm_Pad,4,MountingHole_Pad,
"J1, J2, J3, J4",PinHeader_2x10_P2.54mm_Horizontal,4,Conn_02x10_Counter_Clockwise,
J5,TerminalBlock_bornier-2_P5.08mm,1,Screw_Terminal_01x02,
"R1, R2, R3, R4, R5, R6, R7, R8, R9",0603,9,22,
R10,0603,1,470,
"RN1, RN2, RN3, RN4, RN5, RN6, RN7, RN8",R_Array_SIP9,8,R_Network08,
"U1, U10, U11, U12, U13, U14, U15, U16, U17, U18, U19, U2, U20, U21, U22, U23, U24, U25, U26, U27, U28, U29, U3, U30, U31, U32, U33, U34, U35, U36, U37, U38, U39, U4, U40, U41, U42, U43, U44, U45, U46, U47, U48, U49, U5, U50, U51, U52, U53, U54, U55, U56, U57, U58, U59, U6, U60, U7, U8, U9",DIP-14_W7.62mm,60,CD74HC00,
