Designator,Footprint,Quantity,Value,LCSC Part #
C1,CP_Radial_D5.0mm_P2.50mm,1,C_Polarized,
"C2, C3, C4",C_Disc_D7.0mm_W2.5mm_P5.00mm,3,C,
"D1, D2",LED_D3.0mm,2,LED,
"H1, H2, H3, H4",MountingHole_3.2mm_M3_Pad,4,MountingHole_Pad,
"J1, J3, J5",PinHeader_2x10_P2.54mm_Vertical,3,Conn_02x10_Odd_Even,
"J2, J4",PinSocket_2x20_P2.54mm_Vertical,2,Conn_02x20_Odd_Even,
J6,TerminalBlock_bornier-2_P5.08mm,1,Screw_Terminal_01x02,
"R1, R2, R3",0603,3,R,
SW1,SW_Tactile_SPST_Angled_PTS645Vx31-2LFS,1,SW_Push,
"U1, U2",DIP-32_W15.24mm,2,TC551001,
U3,DIP-14_W7.62mm,1,74LS32,
