Designator,Footprint,Quantity,Value,LCSC Part #
C1,CP_Radial_D5.0mm_P2.50mm,1,C_Polarized,
"C10, C11, C12, C13, C14, C15, C16, C17, C18, C19, C2, C20, C21, C22, C3, C4, C5, C6, C7, C8, C9",C_Disc_D7.5mm_W2.5mm_P5.00mm,21,C,
"D1, D10, D11, D12, D13, D14, D15, D16, D17, D18, D2, D3, D4, D5, D6, D7, D8, D9",LED_D3.0mm,18,LED,
"H1, H2, H3, H4",MountingHole_3mm_Pad,4,MountingHole_Pad,
J1,TerminalBlock_bornier-2_P5.08mm,1,Screw_Terminal_01x02,
"J2, J3",PinHeader_2x10_P2.54mm_Horizontal,2,Conn_02x10_Counter_Clockwise,
"J4, J5",PinHeader_2x10_P2.54mm_Horizontal,2,Conn_02x10_Odd_Even,
"R1, R10, R11, R12, R13, R14, R15, R16, R17, R18, R2, R3, R4, R5, R6, R7, R8, R9",0603,18,R,
"RN1, RN2",R_Array_SIP9,2,R_Network08_Split,
"U1, U10, U11, U12, U13, U14, U15, U16, U17, U18, U19, U2, U20, U21, U22, U23, U24, U25, U26, U27, U28, U29, U3, U30, U31, U32, U33, U34, U35, U36, U37, U38, U39, U4, U40, U41, U5, U6, U7, U8, U9",DIP-14_W7.62mm,41,CD74HC00,
