Designator,Footprint,Quantity,Value,LCSC Part #
C1,CP_Radial_D5.0mm_P2.50mm,1,100u,
"C10, C11, C12, C13, C14, C15, C16, C17, C18, C19, C2, C20, C21, C22, C23, C24, C25, C26, C27, C28, C29, C3, C4, C5, C6, C7, C8, C9",C_Disc_D5.0mm_W2.5mm_P5.00mm,28,0.1u,
"D1, D10, D11, D12, D13, D14, D15, D16, D17, D18, D19, D2, D3, D4, D5, D6, D7, D8, D9",LED_D3.0mm,19,LED,
"H1, H2, H3, H4",MountingHole_3mm_Pad,4,MountingHole_Pad,
J1,TerminalBlock_bornier-2_P5.08mm,1,Screw_Terminal_01x02,
"J2_3, J2_2, J2",PinHeader_2x20_P2.54mm_Horizontal,3,Conn_02x20_Odd_Even,
"J3, J4, J6, J7",PinHeader_2x10_P2.54mm_Vertical,4,Conn_02x10_Counter_Clockwise,
J5,PinHeader_2x10_P2.54mm_Horizontal,1,Conn_02x10_Counter_Clockwise,
R1,0603,1,470,
"R10, R11, R12, R13, R14, R15, R16, R17, R2, R3, R4, R5, R6, R7, R8, R9",0603,16,22,
"RN1, RN2, RN3",R_Array_SIP9,3,R_Network08,
"U1, U10, U11, U12, U13, U14, U15, U16, U17, U18, U19, U2, U20, U21, U22, U23, U24, U25, U26, U27, U28, U3, U4, U5, U6, U7, U8, U9",DIP-14_W7.62mm,28,CD74HC00,
