Designator,Footprint,Quantity,Value,LCSC Part #
"C1, C10, C11, C12, C13, C14, C15, C16, C17, C18, C19, C2, C20, C21, C22, C3, C4, C5, C6, C7, C8, C9",C_Disc_D7.0mm_W2.5mm_P5.00mm,22,C,
C23,CP_Radial_D5.0mm_P2.50mm,1,C_Polarized,
"D1, D10, D11, D2, D3, D4, D5, D6, D7, D8, D9",LED_D3.0mm,11,LED,
"H1, H2, H3, H4",MountingHole_3mm_Pad,4,MountingHole_Pad,
"J1, J5, J6, J7, J8",TerminalBlock_bornier-2_P5.08mm,5,Screw_Terminal_01x02,
"J10, J11, J3, J4, J9",PinHeader_2x10_P2.54mm_Horizontal,5,Conn_02x10_Odd_Even,
J2,PinHeader_2x10_P2.54mm_Horizontal,1,Conn_02x10_Counter_Clockwise,
"R1, R2, R3",0603,3,R,
RN1,R_Array_SIP9,1,R_Network08_Split,
"U1, U10, U11, U12, U13, U14, U15, U16, U17, U18, U19, U2, U20, U21, U22, U23, U24, U25, U26, U3, U4, U5, U6, U7, U8, U9",DIP-14_W7.62mm,26,CD74HC00,
