Designator,Footprint,Quantity,Value,LCSC Part #
C1,CP_Radial_D5.0mm_P2.50mm,1,C_Polarized,
"H1, H2, H3, H4",MountingHole_3mm_Pad,4,MountingHole_Pad,
J1,PinHeader_2x20_P2.54mm_Horizontal,1,Conn_02x20_Odd_Even,
"J2, J3",PinHeader_2x10_P2.54mm_Vertical,2,Conn_02x10_Counter_Clockwise,
J4,PinHeader_2x10_P2.54mm_Horizontal,1,Conn_02x10_Counter_Clockwise,
J5,TerminalBlock_bornier-2_P5.08mm,1,Screw_Terminal_01x02,
"U1, U10, U11, U12, U13, U14, U15, U16, U17, U18, U19, U2, U20, U21, U22, U23, U24, U25, U26, U27, U28, U29, U3, U30, U31, U32, U33, U34, U35, U36, U37, U38, U39, U4, U40, U41, U42, U43, U5, U6, U7, U8, U9",DIP-14_W7.62mm,43,CD74HC00,
