Designator,Footprint,Quantity,Value,LCSC Part #
"C1, C2, C3, C4, C5, C6",CP_Radial_D5.0mm_P2.50mm,6,C_Polarized,
"C10, C11, C12, C13, C14, C15, C16, C17, C7, C8, C9",C_Disc_D7.0mm_W2.5mm_P5.00mm,11,C,
"D1, D2, D3, D4, D5, D6",LED_D3.0mm,6,LED,
"H1, H2, H3, H4",MountingHole_3.2mm_M3_Pad,4,MountingHole_Pad,
"J1, J2",PinSocket_2x20_P2.54mm_Vertical,2,Conn_02x20_Odd_Even,
"J3, J5",PinHeader_2x02_P2.54mm_Vertical,2,Conn_02x02_Odd_Even,
J4,DSUB-9_Female_Horizontal_P2.77x2.84mm_EdgePinOffset4.94mm_Housed_MountingHolesOffset7.48mm,1,DB9_Female_MountingHoles,
J6,PinHeader_1x02_P2.54mm_Vertical,1,Conn_01x02_Male,
J7,TerminalBlock_bornier-2_P5.08mm,1,Screw_Terminal_01x02,
JP1,SolderJumper-3_P1.3mm_Bridged12_Pad1.0x1.5mm,1,Jumper_3_Bridged12,
Q1,TO-92_Inline,1,2SC1815,
"R1, R2, R3, R4, R5, R6, R7, R8",0603,8,R,
"SW1, SW2",SW_DIP_SPSTx08_Piano_10.8x21.88mm_W7.62mm_P2.54mm,2,SW_DIP_x08,
U1,DIP-14_W7.62mm,1,74LS08,
"U10, U3",DIP-16_W7.62mm,2,4020,
"U11, U12",DIP-16_W7.62mm,2,74HC165,
"U13, U4",DIP-14_W7.62mm,2,74HC74,
U2,DIP-16_W7.62mm,1,4040,
U5,DIP-14_W7.62mm,1,74HC04,
U6,DIP-20_W7.62mm,1,74LS541,
U7,DIP-16_W7.62mm,1,74HC595,
U8,DIP-16_W7.62mm,1,MAX232,
U9,DIP-14_W7.62mm,1,74HC00,
X1,Oscillator_DIP-8,1,CXO_DIP8,
