Designator,Footprint,Quantity,Value,LCSC Part #
"C1, C10, C11, C12, C13, C14, C15, C16, C17, C18, C19, C2, C20, C21, C22, C23, C24, C25, C26, C27, C28, C29, C3, C4, C5, C6, C7, C8, C9",C_Disc_D7.0mm_W2.5mm_P5.00mm,29,C,
C30,CP_Radial_D5.0mm_P2.50mm,1,C_Polarized,
"D1, D2, D3",LED_D3.0mm,3,LED,
"H1, H2, H3, H4",MountingHole_3mm_Pad,4,MountingHole_Pad,
"J1, J2",PinHeader_2x10_P2.54mm_Horizontal,2,Conn_02x10_Odd_Even,
J3,TerminalBlock_bornier-2_P5.08mm,1,Screw_Terminal_01x02,
"J4, J5",PinHeader_2x10_P2.54mm_Horizontal,2,Conn_02x10_Counter_Clockwise,
"J6, J7, J8, J9",PinSocket_1x02_P2.54mm_Vertical,4,Conn_01x02_Female,
"R1, R2, R3",0603,3,R,
"U1, U10, U11, U12, U13, U14, U15, U16, U17, U18, U19, U2, U20, U21, U22, U23, U24, U25, U26, U27, U28, U29, U3, U30, U31, U32, U33, U34, U35, U36, U37, U38, U39, U4, U40, U41, U42, U43, U44, U45, U46, U47, U48, U5, U6, U7, U8, U9",PinSocket_1x05_P2.54mm_Vertical,48,State_hold_unit,
"U49, U50, U51, U52, U53, U54, U55, U56, U57, U58, U59, U60, U61, U62, U63, U64, U65, U66, U67, U68, U69, U70, U71, U72, U73, U74, U75, U76, U77, U78, U79, U80, U81, U82, U83, U84, U85, U86, U87, U88",DIP-14_W7.62mm,40,CD74HC00,
