Designator,Footprint,Quantity,Value,LCSC Part #
C1,0603,1,0.1u,
C2,CP_Radial_D5.0mm_P2.50mm,1,C_Polarized,
D1,LED_D3.0mm,1,LED,
"H1, H2, H3, H4",MountingHole_3.2mm_M3_Pad,4,MountingHole_Pad,
J1,PinHeader_1x06_P2.54mm_Horizontal,1,Conn_01x06_Male,
J2,PinSocket_1x06_P2.54mm_Horizontal,1,Conn_01x06_Female,
J3,PinHeader_2x05_P2.54mm_Vertical,1,Conn_02x05_Odd_Even,
J4,PinHeader_2x20_P2.54mm_Vertical,1,Conn_02x20_Odd_Even,
"J5, J6, J7, J8",PinHeader_2x10_P2.54mm_Vertical,4,Conn_02x10_Odd_Even,
R1,0603,1,470,
R2,0603,1,4.7k,
"RN1, RN2",R_Array_SIP9,2,R_Network08_US,
U1,SSOP-20_4.4x6.5mm_P0.65mm,1,CH32V003F4P6,
