Designator,Footprint,Quantity,Value,LCSC Part #
C1,0603,1,0.1u,
D1,LED_D3.0mm,1,LED,
J1,PinSocket_1x04_P2.54mm_Horizontal,1,Conn_01x04_Female,
J2,PinHeader_1x04_P2.54mm_Horizontal,1,Conn_01x04_Male,
J3,PinSocket_1x05_P2.54mm_Horizontal,1,Conn_01x05_Female,
J4,PinHeader_2x20_P2.54mm_Vertical,1,Conn_02x20_Odd_Even,
"J5, J6, J7, J8",PinHeader_2x10_P2.54mm_Vertical,4,Conn_02x10_Odd_Even,
R1,0603,1,470,
R2,0603,1,4.7k,
"RN1, RN2",R_Array_SIP9,2,R_Network08_US,
U1,SSOP-20_4.4x6.5mm_P0.65mm,1,CH32V003F4P6,
