Designator,Footprint,Quantity,Value,LCSC Part #
"C1, C2, C3, C4, C5, C6, C7",C_Disc_D7.0mm_W2.5mm_P5.00mm,7,C,
C8,CP_Radial_D5.0mm_P2.50mm,1,C_Polarized,
D1,LED_D3.0mm,1,LED,
"H1, H2, H3, H4",MountingHole_3.2mm_M3_Pad,4,MountingHole_Pad,
J1,PinHeader_2x20_P2.54mm_Horizontal,1,Conn_02x20_Odd_Even,
"J2, J9",PinSocket_2x20_P2.54mm_Vertical,2,Conn_02x20_Odd_Even,
"J3, J4, J5, J6, J7, J8",TerminalBlock_bornier-2_P5.08mm,6,Screw_Terminal_01x02,
Q1,TO-92_Inline,1,2SC1815,
"R1, R2, R3, R4, R5, R6, R7",0603,7,R,
SW1,SW_Tactile_SPST_Angled_PTS645Vx31-2LFS,1,SW_Push,
SW2,SW_DIP_SPSTx04_Piano_10.8x11.72mm_W7.62mm_P2.54mm,1,SW_DIP_x04,
U1,DIP-14_W7.62mm,1,74HC00,
U2,DIP-14_W7.62mm,1,74LS08,
U3,DIP-14_W7.62mm,1,74HC74,
U4,DIP-16_W7.62mm,1,4040,
U5,DIP-14_W7.62mm,1,74LS21,
U6,DIP-16_W7.62mm,1,74LS138,
U7,DIP-20_W7.62mm,1,74LS541,
X1,Oscillator_DIP-8,1,CXO_DIP8,
