Designator,Footprint,Quantity,Value,LCSC Part #
"C1, C10, C12, C13, C14, C15, C16, C17, C2, C3, C4, C5, C6, C7, C9",C_Disc_D7.0mm_W2.5mm_P5.00mm,15,C,
C8,CP_Radial_D5.0mm_P2.50mm,1,C_Polarized,
"D1, D2, D3",LED_D3.0mm,3,LED,
"H1, H2, H3, H4",MountingHole_3mm_Pad,4,MountingHole_Pad,
"J1, J2, J3",PinHeader_2x20_P2.54mm_Horizontal,3,Conn_02x20_Odd_Even,
"J4, J8, J9",PinHeader_2x10_P2.54mm_Horizontal,3,Conn_02x10_Odd_Even,
J5,TerminalBlock_bornier-2_P5.08mm,1,Screw_Terminal_01x02,
"J6, J7",PinHeader_2x16_P2.54mm_Vertical,2,Conn_02x16_Odd_Even,
"R1, R10, R11, R12, R13, R14, R15, R16, R2, R3, R4, R5, R6, R7, R8, R9",0603,16,22,
"R17, R18, R19",0603,3,R,
"RN1, RN2, RN3, RN4",R_Array_SIP9,4,R_Network08,
"U1, U11, U12, U13, U14, U15, U16, U19, U2, U20, U25, U3, U4, U5, U6, U7, U8",DIP-14_W7.62mm,17,CD74HC00,
"U10, U21, U22, U9",DIP-20_W7.62mm,4,74HCT541,
"U23, U24",DIP-32_W15.24mm,2,TC551001,
